<?xml version="1.0" encoding="UTF-8"?>
<project xmlns="http://maven.apache.org/POM/4.0.0" xmlns:xsi="http://www.w3.org/2001/XMLSchema-instance" xsi:schemaLocation="http://maven.apache.org/POM/4.0.0 http://maven.apache.org/maven-v4_0_0.xsd">
  <modelVersion>4.0.0</modelVersion>
  <groupId>me.agnes</groupId>
  <artifactId>AgnHesapEsle</artifactId>
  <name>AgnHesapEsle</name>
  <version>1.21</version>
  <description>Discord - Minecraft Hesap Eşleme Sistemi</description>
  <build>
    <plugins>
      <plugin>
        <artifactId>maven-shade-plugin</artifactId>
        <version>3.5.0</version>
        <executions>
          <execution>
            <phase>package</phase>
            <goals>
              <goal>shade</goal>
            </goals>
            <configuration>
              <relocations>
                <relocation>
                  <pattern>net.dv8tion</pattern>
                  <shadedPattern>me.agnes.shaded.jda</shadedPattern>
                </relocation>
              </relocations>
            </configuration>
          </execution>
        </executions>
      </plugin>
    </plugins>
  </build>
  <repositories>
    <repository>
      <id>spigot-repo</id>
      <url>https://hub.spigotmc.org/nexus/content/repositories/snapshots/</url>
    </repository>
    <repository>
      <id>jitpack.io</id>
      <url>https://jitpack.io</url>
    </repository>
  </repositories>
  <dependencies>
    <dependency>
      <groupId>org.spigotmc</groupId>
      <artifactId>spigot-api</artifactId>
      <version>1.19.4-R0.1-SNAPSHOT</version>
      <scope>provided</scope>
    </dependency>
  </dependencies>
  <properties>
    <maven.compiler.target>17</maven.compiler.target>
    <maven.compiler.source>17</maven.compiler.source>
    <project.build.sourceEncoding>UTF-8</project.build.sourceEncoding>
  </properties>
</project>
